Stage,
-0.004461378,-0.23087,-1.126947,
-0.1207013,-0.2307202,-0.02064944,0.9652839,
0.02155815,0.049959,0.12599,
-----------------------------------
Stage,
-0.01466139,-0.22167,-1.091647,
-0.1190558,-0.1658457,-0.02865134,0.9785193,
0.02155815,0.049959,0.12599,
-----------------------------------
Stage,
-0.02848138,-0.20633,-1.031037,
-0.116088,-0.07948194,-0.03897142,0.9892864,
0.02155815,0.049959,0.1195469,
-----------------------------------
Stage,
-0.03756138,-0.19467,-0.9837473,
-0.1153585,-0.03785304,-0.02085235,0.9923834,
0.02155815,0.04995899,0.09274879,
-----------------------------------
Stage,
-0.03556138,-0.72837,-3.343347,
-0.1016966,0.04133799,0.005217148,0.9939426,
0.02155815,0.049959,0.12599,
-----------------------------------
Stage,
-0.02036138,-0.71167,-3.263047,
-0.1017059,0.1410463,-0.005032506,0.984752,
0.02155815,0.049959,0.12599,
-----------------------------------
Stage,
0.01113862,-0.69427,-3.182047,
-0.1008777,0.2265218,-0.01389692,0.9686684,
0.02155815,0.049959,0.12599,
-----------------------------------
Stage,
0.0004386157,-0.87837,-4.077947,
-0.08580584,-0.2107953,-0.02326196,0.9734792,
0.02155815,0.049959,0.12599,
-----------------------------------
Stage,
-0.02276138,-0.86627,-4.013347,
-0.08398604,-0.1427773,-0.02915655,0.985754,
0.02155815,0.049959,0.12599,
-----------------------------------
Stage,
-0.03026138,-0.85517,-3.948547,
-0.08168893,-0.07200201,-0.03508106,0.9934345,
0.02155815,0.049959,0.12599,
-----------------------------------
